<?xml version="1.0" encoding="utf-8"?>
<LinearLayout xmlns:android="http://schemas.android.com/apk/res/android"
    android:layout_width="match_parent"
    android:layout_height="match_parent"
    android:orientation="vertical"
    android:padding="16dp">

    <EditText android:id="@+id/idEdtCourseName"
        android:layout_width="match_parent"
        android:layout_height="wrap_content"
        android:hint="Enter Course Name" />

    <EditText android:id="@+id/idEdtCourseDuration"
        android:layout_width="match_parent"
        android:layout_height="wrap_content"
        android:hint="Enter Course Duration" />

    <EditText android:id="@+id/idEdtCourseDescription"
        android:layout_width="match_parent"
        android:layout_height="wrap_content"
        android:hint="Enter Course Description" />

    <EditText android:id="@+id/idEdtCourseTracks"
        android:layout_width="match_parent"
        android:layout_height="wrap_content"
        android:hint="Enter Course Tracks" />

    <Button android:id="@+id/idBtnAdd"
        android:layout_width="match_parent"
        android:layout_height="wrap_content"
        android:text="Add Course" />

    <Button android:id="@+id/idBtnUpdate"
        android:layout_width="match_parent"
        android:layout_height="wrap_content"
        android:text="Update Course" />

    <Button android:id="@+id/idBtnDelete"
        android:layout_width="match_parent"
        android:layout_height="wrap_content"
        android:text="Delete Course" />

    <Button android:id="@+id/idBtnDisplay"
        android:layout_width="match_parent"
        android:layout_height="wrap_content"
        android:text="Display" />
    <Button android:id="@+id/idNext"
        android:layout_width="match_parent"
        android:layout_height="wrap_content"
        android:text="Next Page" />

    <Button android:id="@+id/idurl"
        android:layout_width="match_parent"
        android:layout_height="wrap_content"
        android:text="openurl" />

    <ListView android:id="@+id/idListView"
        android:layout_width="match_parent"
        android:layout_height="wrap_content"/>

</LinearLayout>